"Taxa","k","Estimate","SE","tval","pval","CI_lower","CI_upper","Response","Flag","RR","RR_lower","RR_upper","Pct_Change","pval_fdr"
"S. purpuratus",10,-0.876,0.1303,-6.7249,8.60665428850437e-05,-1.1707,-0.5813,"Biomass","",0.416,0.31,0.559,-58.4,0.000258199628655131
"M. franciscanus",12,0.2425,0.284,0.8538,0.411419950501454,-0.3826,0.8676,"Biomass","",1.274,0.682,2.381,27.4,0.411419950501454
"M. pyrifera",29,1.272,0.2587,4.9163,3.48702235910922e-05,0.742,1.802,"Biomass","",3.568,2.1,6.062,256.8,0.000258199628655131
"P. interruptus",6,0.9396,0.3784,2.4833,0.055612477135992,-0.033,1.9122,"Biomass","",2.559,0.968,6.768,155.9,0.083418715703988
"S. pulcher",17,0.8291,0.1542,5.3779,6.15911592199164e-05,0.5023,1.1559,"Biomass","",2.291,1.653,3.177,129.1,0.000258199628655131
"S. purpuratus",12,-1.4503,0.2813,-5.1552,0.000315674911262217,-2.0694,-0.8311,"Density","",0.234,0.126,0.436,-76.6,0.000710268550339989
"M. franciscanus",12,-0.4278,0.3779,-1.1319,0.281762556947411,-1.2596,0.4041,"Density","",0.652,0.284,1.498,-34.8,0.316982876565838
"P. interruptus",15,1.307,0.3368,3.8802,0.00166543972746364,0.5846,2.0295,"Density","",3.695,1.794,7.61,269.5,0.00299779150943456
"S. pulcher",18,0.2347,0.1232,1.906,0.0737034606846182,-0.0251,0.4946,"Density","",1.265,0.975,1.64,26.5,0.0947615923087948
